record,paced_record,total_beats,normal,abnormal,N,A,V,Q,/,f,F,j,L,a,J,R,E,S,e
100,False,2273,2239,34,2239.0,33.0,1.0,0.0,0.0,0.0,0.0,0.0,0.0,0.0,0.0,0.0,0.0,0.0,0.0
101,False,1865,1860,5,1860.0,3.0,0.0,2.0,0.0,0.0,0.0,0.0,0.0,0.0,0.0,0.0,0.0,0.0,0.0
102,True,2187,99,2088,99.0,0.0,4.0,0.0,2028.0,56.0,0.0,0.0,0.0,0.0,0.0,0.0,0.0,0.0,0.0
103,False,2084,2082,2,2082.0,2.0,0.0,0.0,0.0,0.0,0.0,0.0,0.0,0.0,0.0,0.0,0.0,0.0,0.0
104,True,2229,163,2066,163.0,0.0,2.0,18.0,1380.0,666.0,0.0,0.0,0.0,0.0,0.0,0.0,0.0,0.0,0.0
105,False,2572,2526,46,2526.0,0.0,41.0,5.0,0.0,0.0,0.0,0.0,0.0,0.0,0.0,0.0,0.0,0.0,0.0
106,False,2027,1507,520,1507.0,0.0,520.0,0.0,0.0,0.0,0.0,0.0,0.0,0.0,0.0,0.0,0.0,0.0,0.0
107,True,2137,0,2137,0.0,0.0,59.0,0.0,2078.0,0.0,0.0,0.0,0.0,0.0,0.0,0.0,0.0,0.0,0.0
108,False,1763,1740,23,1739.0,4.0,17.0,0.0,0.0,0.0,2.0,1.0,0.0,0.0,0.0,0.0,0.0,0.0,0.0
109,False,2532,2492,40,0.0,0.0,38.0,0.0,0.0,0.0,2.0,0.0,2492.0,0.0,0.0,0.0,0.0,0.0,0.0
111,False,2124,2123,1,0.0,0.0,1.0,0.0,0.0,0.0,0.0,0.0,2123.0,0.0,0.0,0.0,0.0,0.0,0.0
112,False,2539,2537,2,2537.0,2.0,0.0,0.0,0.0,0.0,0.0,0.0,0.0,0.0,0.0,0.0,0.0,0.0,0.0
113,False,1795,1789,6,1789.0,0.0,0.0,0.0,0.0,0.0,0.0,0.0,0.0,6.0,0.0,0.0,0.0,0.0,0.0
114,False,1879,1820,59,1820.0,10.0,43.0,0.0,0.0,0.0,4.0,0.0,0.0,0.0,2.0,0.0,0.0,0.0,0.0
115,False,1953,1953,0,1953.0,0.0,0.0,0.0,0.0,0.0,0.0,0.0,0.0,0.0,0.0,0.0,0.0,0.0,0.0
116,False,2412,2302,110,2302.0,1.0,109.0,0.0,0.0,0.0,0.0,0.0,0.0,0.0,0.0,0.0,0.0,0.0,0.0
117,False,1535,1534,1,1534.0,1.0,0.0,0.0,0.0,0.0,0.0,0.0,0.0,0.0,0.0,0.0,0.0,0.0,0.0
118,False,2278,2166,112,0.0,96.0,16.0,0.0,0.0,0.0,0.0,0.0,0.0,0.0,0.0,2166.0,0.0,0.0,0.0
119,False,1987,1543,444,1543.0,0.0,444.0,0.0,0.0,0.0,0.0,0.0,0.0,0.0,0.0,0.0,0.0,0.0,0.0
121,False,1863,1861,2,1861.0,1.0,1.0,0.0,0.0,0.0,0.0,0.0,0.0,0.0,0.0,0.0,0.0,0.0,0.0
122,False,2476,2476,0,2476.0,0.0,0.0,0.0,0.0,0.0,0.0,0.0,0.0,0.0,0.0,0.0,0.0,0.0,0.0
123,False,1518,1515,3,1515.0,0.0,3.0,0.0,0.0,0.0,0.0,0.0,0.0,0.0,0.0,0.0,0.0,0.0,0.0
124,False,1619,1536,83,0.0,2.0,47.0,0.0,0.0,0.0,5.0,5.0,0.0,0.0,29.0,1531.0,0.0,0.0,0.0
200,False,2601,1743,858,1743.0,30.0,826.0,0.0,0.0,0.0,2.0,0.0,0.0,0.0,0.0,0.0,0.0,0.0,0.0
201,False,1963,1635,328,1625.0,30.0,198.0,0.0,0.0,0.0,2.0,10.0,0.0,97.0,1.0,0.0,0.0,0.0,0.0
202,False,2136,2061,75,2061.0,36.0,19.0,0.0,0.0,0.0,1.0,0.0,0.0,19.0,0.0,0.0,0.0,0.0,0.0
203,False,2980,2529,451,2529.0,0.0,444.0,4.0,0.0,0.0,1.0,0.0,0.0,2.0,0.0,0.0,0.0,0.0,0.0
205,False,2656,2571,85,2571.0,3.0,71.0,0.0,0.0,0.0,11.0,0.0,0.0,0.0,0.0,0.0,0.0,0.0,0.0
207,False,1860,1543,317,0.0,107.0,105.0,0.0,0.0,0.0,0.0,0.0,1457.0,0.0,0.0,86.0,105.0,0.0,0.0
208,False,2955,1586,1369,1586.0,0.0,992.0,2.0,0.0,0.0,373.0,0.0,0.0,0.0,0.0,0.0,0.0,2.0,0.0
209,False,3005,2621,384,2621.0,383.0,1.0,0.0,0.0,0.0,0.0,0.0,0.0,0.0,0.0,0.0,0.0,0.0,0.0
210,False,2650,2423,227,2423.0,0.0,194.0,0.0,0.0,0.0,10.0,0.0,0.0,22.0,0.0,0.0,1.0,0.0,0.0
212,False,2748,2748,0,923.0,0.0,0.0,0.0,0.0,0.0,0.0,0.0,0.0,0.0,0.0,1825.0,0.0,0.0,0.0
213,False,3251,2641,610,2641.0,25.0,220.0,0.0,0.0,0.0,362.0,0.0,0.0,3.0,0.0,0.0,0.0,0.0,0.0
214,False,2262,2003,259,0.0,0.0,256.0,2.0,0.0,0.0,1.0,0.0,2003.0,0.0,0.0,0.0,0.0,0.0,0.0
215,False,3363,3195,168,3195.0,3.0,164.0,0.0,0.0,0.0,1.0,0.0,0.0,0.0,0.0,0.0,0.0,0.0,0.0
217,True,2208,244,1964,244.0,0.0,162.0,0.0,1542.0,260.0,0.0,0.0,0.0,0.0,0.0,0.0,0.0,0.0,0.0
219,False,2154,2082,72,2082.0,7.0,64.0,0.0,0.0,0.0,1.0,0.0,0.0,0.0,0.0,0.0,0.0,0.0,0.0
220,False,2048,1954,94,1954.0,94.0,0.0,0.0,0.0,0.0,0.0,0.0,0.0,0.0,0.0,0.0,0.0,0.0,0.0
221,False,2427,2031,396,2031.0,0.0,396.0,0.0,0.0,0.0,0.0,0.0,0.0,0.0,0.0,0.0,0.0,0.0,0.0
222,False,2483,2274,209,2062.0,208.0,0.0,0.0,0.0,0.0,0.0,212.0,0.0,0.0,1.0,0.0,0.0,0.0,0.0
223,False,2605,2045,560,2029.0,72.0,473.0,0.0,0.0,0.0,14.0,0.0,0.0,1.0,0.0,0.0,0.0,0.0,16.0
228,False,2053,1688,365,1688.0,3.0,362.0,0.0,0.0,0.0,0.0,0.0,0.0,0.0,0.0,0.0,0.0,0.0,0.0
230,False,2256,2255,1,2255.0,0.0,1.0,0.0,0.0,0.0,0.0,0.0,0.0,0.0,0.0,0.0,0.0,0.0,0.0
231,False,1571,1568,3,314.0,1.0,2.0,0.0,0.0,0.0,0.0,0.0,0.0,0.0,0.0,1254.0,0.0,0.0,0.0
232,False,1780,398,1382,0.0,1382.0,0.0,0.0,0.0,0.0,0.0,1.0,0.0,0.0,0.0,397.0,0.0,0.0,0.0
233,False,3079,2230,849,2230.0,7.0,831.0,0.0,0.0,0.0,11.0,0.0,0.0,0.0,0.0,0.0,0.0,0.0,0.0
234,False,2753,2700,53,2700.0,0.0,3.0,0.0,0.0,0.0,0.0,0.0,0.0,0.0,50.0,0.0,0.0,0.0,0.0
